text,label
I love this product!,positive
"This is amazing, highly recommend!",positive
I am not satisfied with the service.,negative
Very bad. Would not buy again.,negative
"It's okay, not the best but acceptable.",neutral
"The product was decent, it met my expectations.",neutral
"It’s decent, not great but not terrible either.",neutral
"Great experience overall, would definitely buy again.",positive
Amazing product! I’ll be recommending this to my friends.,positive
"Not happy with it, I wouldn’t buy this again.",negative
"Terrible experience, this product is not worth it at all.",negative
"I had high hopes for this product based on the advertising and customer reviews but unfortunately my experience has been nothing but disappointing. The product arrived with damaged packaging and missing parts. It malfunctions frequently, and the quality feels cheap. Customer support has been unresponsive. I regret this purchase.",negative
"I recently purchased this product and found it to be fairly average in terms of performance. The item arrived on time, and the setup was straightforward. It performs basic functions adequately, but lacks any standout features. Customer service was helpful when I had a question.",neutral
"I recently purchased this product and couldn't be happier with my experience. Right from the start, everything exceeded my expectations. The packaging was immaculate, and the product arrived exactly when promised. Setting it up was a breeze, with clear instructions that guided me through every step. The quality and attention to detail are outstanding.",positive
"The product works well and meets my needs. However, it could be improved in terms of durability.",neutral
Completely disappointed. The product stopped working after two days of use.,negative
This is the best purchase I've made in a while! Exceeded my expectations.,positive
"It does the job, but it's not the most reliable product I've used.",neutral
I would not recommend this product. The quality is far below what I expected.,negative
An excellent product that works exactly as advertised. Very happy with my purchase.,positive
"The product is fine, but the customer service was unhelpful when I reached out.",neutral
Worst purchase ever. It broke within a week.,negative
I love how easy it is to use. This is exactly what I needed.,positive
"I'm not sure if it's worth the price, but it does work as expected.",neutral
This product has been a game-changer! I will definitely buy again.,positive
The product doesn’t live up to its description. It’s more hassle than it’s worth.,negative
"It’s a good product for the price, though not the best I’ve tried.",neutral
I’m so pleased with my purchase! I would highly recommend it to anyone.,positive
I don’t understand the hype. This product was a letdown.,negative
"Not bad, but definitely room for improvement.",neutral
This is a top-notch product! I’ve been using it every day and it’s perfect.,positive
"Product arrived late and in bad condition, not happy with this purchase.",negative
"Okay product, but not exceptional. It does the job.",neutral
Totally worth the price. I’m really happy with how it works.,positive
This product has so many issues and never works as advertised.,negative
"Decent product, but could use some upgrades in terms of design and functionality.",neutral
I had a wonderful experience with this product. It’s made a huge difference in my daily routine.,positive
I regret buying this. It's not at all what I expected.,negative
"Not bad, but there are better products out there.",neutral
I would definitely buy this again. Excellent quality and performance.,positive
"The product is okay, but I found a similar one for a better price.",neutral
I’m extremely disappointed with this purchase. The product is broken.,negative
Great product! Everything about it is just right.,positive
It’s functional but lacks some important features I was hoping for.,neutral
I’ve had nothing but trouble with this. It’s a terrible product.,negative
Wonderful experience. I couldn’t be happier.,positive
I don’t think it’s worth the money. It doesn’t do much.,negative
"It works, but it’s nothing special.",neutral
I’m in love with this product! It’s perfect for my needs.,positive
The product quality is poor and I’ll be returning it.,negative
"It’s decent, though I expected more based on the reviews.",neutral
It’s a fantastic product! I highly recommend it to everyone.,positive
I wouldn’t buy this again. It’s a waste of money.,negative
